Name,value
a,0.95785
b,0.94258
c,0.95107
d,0.93169
e,0.9003
f,0.94294
g,0.92173
h,0.97101
i,0.96718
k,0.94638
l,0.96825
m,0.85628
n,0.83314
o,0.91903
p,0.97092
q,0.9771
r,0.91116
s,0.87268
t,0.81098
u,0.89117
v,0.8927
w,0.91785
x,0.92479
y,0.95994
